-- phpMyAdmin SQL Dump
-- version 5.1.1
-- https://www.phpmyadmin.net/
--
-- Servidor: 127.0.0.1
-- Tiempo de generación: 02-11-2021 a las 09:27:15
-- Versión del servidor: 10.4.21-MariaDB
-- Versión de PHP: 8.0.11

SET SQL_MODE = "NO_AUTO_VALUE_ON_ZERO";
START TRANSACTION;
SET time_zone = "+00:00";


/*!40101 SET @OLD_CHARACTER_SET_CLIENT=@@CHARACTER_SET_CLIENT */;
/*!40101 SET @OLD_CHARACTER_SET_RESULTS=@@CHARACTER_SET_RESULTS */;
/*!40101 SET @OLD_COLLATION_CONNECTION=@@COLLATION_CONNECTION */;
/*!40101 SET NAMES utf8mb4 */;

--
-- Base de datos: `sistemacontable`
--

-- --------------------------------------------------------

--
-- Estructura de tabla para la tabla `anio`
--

CREATE TABLE `anio` (
  `idanio` int(11) NOT NULL,
  `estado` int(11) NOT NULL COMMENT '1=Abierto,0=Cerrado',
  `inventarioi` float DEFAULT NULL,
  `inventariof` float DEFAULT NULL
) ENGINE=InnoDB DEFAULT CHARSET=latin1;

--
-- Volcado de datos para la tabla `anio`
--

INSERT INTO `anio` (`idanio`, `estado`, `inventarioi`, `inventariof`) VALUES
(2021, 1, 6405, -1);

-- --------------------------------------------------------

--
-- Estructura de tabla para la tabla `catalogo`
--

CREATE TABLE `catalogo` (
  `idcatalogo` int(11) NOT NULL,
  `codigocuenta` varchar(10) NOT NULL,
  `nombrecuenta` varchar(40) NOT NULL,
  `tipocuenta` varchar(20) NOT NULL,
  `saldo` varchar(20) NOT NULL,
  `r` varchar(1) NOT NULL,
  `nivel` int(11) NOT NULL
) ENGINE=InnoDB DEFAULT CHARSET=latin1;

--
-- Volcado de datos para la tabla `catalogo`
--

INSERT INTO `catalogo` (`idcatalogo`, `codigocuenta`, `nombrecuenta`, `tipocuenta`, `saldo`, `r`, `nivel`) VALUES
(1, '1', 'Activo', 'ACTIVO', 'DEUDOR', '', 1),
(2, '11', 'Activo Corriente', 'ACTIVO', 'DEUDOR', '', 2),
(3, '110101', 'Caja', 'ACTIVO', 'DEUDOR', '', 4),
(4, '1101', 'EFECTIVO Y EQUIVALENTES', 'ACTIVO', 'DEUDOR', '', 3),
(5, '110102', 'Bancos', 'ACTIVO', 'DEUDOR', '', 4),
(6, '1102', 'Estimación por Fluctuaciones de Efectivo', 'ACTIVO', 'DEUDOR', '', 3),
(7, '1103', 'Cuentas por Cobrar Comerciales', 'ACTIVO', 'DEUDOR', '', 3),
(8, '110301', 'Clientes Locales', 'ACTIVO', 'DEUDOR', '', 4),
(9, '110302', 'Clientes del exterior', 'ACTIVO', 'DEUDOR', '', 4),
(10, '110303', 'Anticipo de Proveedores', 'ACTIVO', 'DEUDOR', '', 4),
(11, '110304', 'Prestamos y Anticipos al Personal', 'ACTIVO', 'DEUDOR', '', 4),
(12, '110305', 'Deudores Diversos', 'ACTIVO', 'DEUDOR', '', 4),
(13, '110306', 'Otras Cuentas por Cobrar', 'ACTIVO', 'DEUDOR', ' ', 4),
(14, '1104', 'Documentos por cobrar', 'ACTIVO', 'DEUDOR', ' ', 3),
(15, '110401', 'Pagares', 'ACTIVO', 'DEUDOR', ' ', 4),
(16, '110402', 'Letras de Cambio', 'ACTIVO', 'DEUDOR', ' ', 4),
(17, '110403', 'Cartas de Crédito', 'ACTIVO', 'DEUDOR', ' ', 4),
(18, '110404', 'Contratos a Corto Plazo', 'ACTIVO', 'DEUDOR', ' ', 4),
(19, '1105', 'Estimacion para cuentas Incobrables', 'ACTIVO', 'DEUDOR', ' ', 3),
(20, '1106', 'Accionistas', 'ACTIVO', 'DEUDOR', ' ', 3),
(21, '110601', 'Acciones Suscritas no Pagadas', 'ACTIVO', 'DEUDOR', ' ', 4),
(22, '1107', 'Inventarios/Almacen', 'ACTIVO', 'DEUDOR', ' ', 3),
(23, '110701', 'Inventario de Mercadería', 'ACTIVO', 'DEUDOR', ' ', 4),
(24, '110702', 'Mercadería en Transito', 'ACTIVO', 'DEUDOR', ' ', 4),
(25, '1108', 'Estimación por Obsol., Perdida y/o Deter', 'ACTIVO', 'DEUDOR', ' ', 3),
(26, '1109', 'IVA Crédito Fiscal', 'ACTIVO', 'DEUDOR', ' ', 3),
(27, '110901', 'IVA Crédito Fiscal por Compras', 'ACTIVO', 'DEUDOR', ' ', 4),
(28, '110902', 'IVA Crédito Fiscal por Importaciones', 'ACTIVO', 'DEUDOR', ' ', 4),
(29, '110903', 'IVA Crédito Fiscal Remanente', 'ACTIVO', 'DEUDOR', ' ', 4),
(30, '1110', 'IVA Anticipo a Cuenta', 'ACTIVO', 'DEUDOR', ' ', 3),
(31, '1111', 'IVA Percibido', 'ACTIVO', 'DEUDOR', ' ', 3),
(32, '1112', 'IVA Retenido', 'ACTIVO', 'DEUDOR', ' ', 3),
(33, '1113', 'Pagos Anticipados', 'ACTIVO', 'DEUDOR', ' ', 3),
(34, '111301', 'Seguros', 'ACTIVO', 'DEUDOR', ' ', 4),
(35, '111302', 'Alquileres', 'ACTIVO', 'DEUDOR', ' ', 4),
(36, '111303', 'Publicidad y Propaganda', 'ACTIVO', 'DEUDOR', ' ', 4),
(37, '111304', 'Pago a Cuenta Impuesto sobre la Renta', 'ACTIVO', 'DEUDOR', ' ', 4),
(38, '111305', 'Impuestos Municipales', 'ACTIVO', 'DEUDOR', ' ', 4),
(39, '111306', 'Contrato de Mantenimiento', 'ACTIVO', 'DEUDOR', ' ', 4),
(40, '111307', 'Intereses', 'ACTIVO', 'DEUDOR', ' ', 4),
(41, '111308', 'Papeleria y Utiles', 'ACTIVO', 'DEUDOR', ' ', 4),
(42, '111309', 'Gastos de Organizacion', 'ACTIVO', 'DEUDOR', ' ', 4),
(43, '111310', 'Otros Pagos Anticipados', 'ACTIVO', 'DEUDOR', ' ', 4),
(44, '1114', 'Partes Relacionadas', 'ACTIVO', 'DEUDOR', ' ', 3),
(45, '111401', 'Directores, Ejecutivos y Empleados', 'ACTIVO', 'DEUDOR', ' ', 4),
(46, '111402', 'Compañias Afiliadas', 'ACTIVO', 'DEUDOR', ' ', 4),
(47, '111403', 'Compañias Asociadas', 'ACTIVO', 'DEUDOR', ' ', 4),
(48, '111404', 'Compañías Subsidiarias', 'ACTIVO', 'DEUDOR', ' ', 4),
(49, '12', 'Activo No Corriente', 'ACTIVO', 'DEUDOR', ' ', 2),
(50, '1201', 'Propiedad, Planta y Equipo', 'ACTIVO', 'DEUDOR', ' ', 3),
(51, '120101', 'Maquinaria', 'ACTIVO', 'DEUDOR', ' ', 3),
(52, '120102', 'Edificios', 'ACTIVO', 'DEUDOR', ' ', 3),
(53, '120103', 'Instalaciones', 'ACTIVO', 'DEUDOR', ' ', 3),
(54, '120104', 'Mobiliario y Equipo de Oficina', 'ACTIVO', 'DEUDOR', ' ', 3),
(55, '120105', 'Equipo de Transporte', 'ACTIVO', 'DEUDOR', ' ', 3),
(56, '120106', 'Exhibidores', 'ACTIVO', 'DEUDOR', ' ', 3),
(57, '120107', 'Otros Bienes', 'ACTIVO', 'DEUDOR', ' ', 3),
(58, '1202', 'Revaluaciones Propiedad, Planta y Equipo', 'ACTIVO', 'DEUDOR', ' ', 3),
(59, '120201', 'Revaluacion de Maquinaria', 'ACTIVO', 'DEUDOR', ' ', 4),
(60, '120202', 'Revaluacion de Edificios', 'ACTIVO', 'DEUDOR', ' ', 4),
(61, '120203', 'Revaluacion de Instalaciones', 'ACTIVO', 'DEUDOR', ' ', 4),
(62, '120204', 'Revaluacion de Mobiliario y Equipo de Of', 'ACTIVO', 'DEUDOR', ' ', 4),
(63, '120205', 'Revaluacion de Equipo de Transporte', 'ACTIVO', 'DEUDOR', ' ', 4),
(64, '120206', 'Revaluacion de Exhibidores', 'ACTIVO', 'DEUDOR', ' ', 4),
(65, '120207', 'Revaluacion de Otros Bienes', 'ACTIVO', 'DEUDOR', ' ', 4),
(66, '1203', 'Contrucciones en Proceso', 'ACTIVO', 'DEUDOR', ' ', 3),
(67, '1204', 'Depreciacion Acumulada Propiedad, Planta', 'ACTIVO', 'DEUDOR', ' ', 3),
(68, '120401', 'Depreciacion de Maquinaria', 'ACTIVO', 'DEUDOR', ' ', 4),
(69, '120402', 'Depreciacion de Edificios', 'ACTIVO', 'DEUDOR', ' ', 4),
(70, '120403', 'Depreciacion de Instalaciones', 'ACTIVO', 'DEUDOR', ' ', 4),
(71, '120404', 'Depreciacion de Mobiliario y Equipo de O', 'ACTIVO', 'DEUDOR', ' ', 4),
(72, '120405', 'Depreciacion de Equipo de Transporte', 'ACTIVO', 'DEUDOR', ' ', 4),
(73, '120406', 'Depreciacion de Exhibidores', 'ACTIVO', 'DEUDOR', ' ', 4),
(74, '120407', 'Depreciacion de Otros Bienes', 'ACTIVO', 'DEUDOR', ' ', 4),
(75, '1205', 'Depreciacion Acumulada Revaluos', 'ACTIVO', 'DEUDOR', ' ', 3),
(76, '120501', 'Depreciacion Revaluacion de Maquinaria', 'ACTIVO', 'DEUDOR', ' ', 4),
(77, '120502', 'Depreciacion Revaluacion de Edificios', 'ACTIVO', 'DEUDOR', ' ', 4),
(78, '120503', 'Depreciacion Revaluacion de Instalacione', 'ACTIVO', 'DEUDOR', ' ', 4),
(79, '120504', 'Depreciacion Revaluacion de Mobiliario y', 'ACTIVO', 'DEUDOR', ' ', 4),
(80, '120505', 'Depreciacion Revaluacion de Equipo de Tr', 'ACTIVO', 'DEUDOR', ' ', 4),
(81, '120506', 'Depreciacion Revaluacion de Exhibidores', 'ACTIVO', 'DEUDOR', ' ', 4),
(82, '120507', 'Depreciacion Revaluacion de Otros Bienes', 'ACTIVO', 'DEUDOR', ' ', 4),
(83, '1206', 'Inversiones Permanentes', 'ACTIVO', 'DEUDOR', ' ', 3),
(84, '120601', 'Inversiones en subsidiarias', 'ACTIVO', 'DEUDOR', ' ', 4),
(85, '120602', 'Inversiones en Asociadas', 'ACTIVO', 'DEUDOR', ' ', 4),
(86, '120603', 'Inversiones en Negocios Conjuntos', 'ACTIVO', 'DEUDOR', ' ', 4),
(87, '1207', 'Estimacion por Fluctuaciones de Inversio', 'ACTIVO', 'DEUDOR', ' ', 3),
(88, '1208', 'Activos Intangibles', 'ACTIVO', 'DEUDOR', ' ', 3),
(89, '120801', 'Derechos de Llave', 'ACTIVO', 'DEUDOR', ' ', 4),
(90, '120802', 'Patentes y Marcas', 'ACTIVO', 'DEUDOR', ' ', 4),
(91, '120803', 'Franquicias', 'ACTIVO', 'DEUDOR', ' ', 4),
(92, '120804', 'Licencias y Concesiones', 'ACTIVO', 'DEUDOR', ' ', 4),
(93, '120805', 'Programas y Sistemas', 'ACTIVO', 'DEUDOR', ' ', 4),
(94, '120806', 'Otros intangibles', 'ACTIVO', 'DEUDOR', ' ', 4),
(95, '1209', 'Amortizacion de Intangibles', 'ACTIVO', 'DEUDOR', ' ', 3),
(96, '120901', 'Amortizacion Derechos de Llave', 'ACTIVO', 'DEUDOR', ' ', 4),
(97, '120902', 'Amortizacion Patentes y Marcas', 'ACTIVO', 'DEUDOR', ' ', 4),
(98, '120903', 'Amortizacion Franquicias', 'ACTIVO', 'DEUDOR', ' ', 4),
(99, '120904', 'Amortizacion Licencias y Concesiones', 'ACTIVO', 'DEUDOR', ' ', 4),
(100, '120905', 'Amortizacion Programas y Sistemas', 'ACTIVO', 'DEUDOR', ' ', 4),
(101, '120906', 'Amortizacion Otros intangibles', 'ACTIVO', 'DEUDOR', ' ', 4),
(102, '1210', 'Cuentas y documentos por cobrar a largo ', 'ACTIVO', 'DEUDOR', ' ', 3),
(103, '1211', 'Estimacion para Cuentas Incobrables a La', 'ACTIVO', 'DEUDOR', ' ', 3),
(104, '1212', 'Partes Relacionadas a Largo Plazo', 'ACTIVO', 'DEUDOR', ' ', 3),
(105, '121201', 'Directores, Ejecutivos y Empleados a Lar', 'ACTIVO', 'DEUDOR', ' ', 4),
(106, '121202', 'Compañias Afiliadas a Largo Plazo', 'ACTIVO', 'DEUDOR', ' ', 4),
(107, '121203', 'Compañias Asociadas a Largo Plazo', 'ACTIVO', 'DEUDOR', ' ', 4),
(108, '121204', 'Compañías Subsidiarias a Largo Plazo', 'ACTIVO', 'DEUDOR', ' ', 4),
(109, '2', 'PASIVO', 'PASIVO', 'ACREEDOR', ' ', 1),
(110, '21', 'PASIVO CORRIENTE', 'PASIVO', 'ACREEDOR', ' ', 2),
(111, '2101', 'CUENTAS POR PAGAR COMERCIALES', 'PASIVO', 'ACREEDOR', ' ', 3),
(112, '210101', 'Proveedores Locales', 'PASIVO', 'ACREEDOR', ' ', 4),
(113, '210102', 'Proveedores Extranjeros', 'PASIVO', 'ACREEDOR', ' ', 4),
(114, '2102', 'DOCUMENTOS POR PAGAR COMERCIALES', 'PASIVO', 'ACREEDOR', ' ', 3),
(115, '210201', 'Pagares', 'PASIVO', 'ACREEDOR', ' ', 4),
(116, '210202', 'Letras de Cambio', 'PASIVO', 'ACREEDOR', ' ', 4),
(117, '210203', 'Cartas de Crédito', 'PASIVO', 'ACREEDOR', ' ', 4),
(118, '210204', 'Contratos a Corto Plazo', 'PASIVO', 'ACREEDOR', ' ', 4),
(119, '2103', 'PRESTAMOS Y SOBREGIROS BANCARIOS', 'PASIVO', 'ACREEDOR', ' ', 3),
(120, '210301', 'Sobregiros Bancarios', 'PASIVO', 'ACREEDOR', ' ', 4),
(121, '210302', 'Prestamos a Corto Plazo', 'PASIVO', 'ACREEDOR', ' ', 4),
(122, '210303', 'Porción Circulante de Prestamos a Largo ', 'PASIVO', 'ACREEDOR', ' ', 4),
(123, '2104', 'REMUNERACIONES Y PRESTACIONES POR PAGAR ', 'PASIVO', 'ACREEDOR', ' ', 3),
(124, '210401', 'Sueldos y Salarios', 'PASIVO', 'ACREEDOR', ' ', 4),
(125, '210402', 'Comisiones', 'PASIVO', 'ACREEDOR', ' ', 4),
(126, '210403', 'Bonificaciones', 'PASIVO', 'ACREEDOR', ' ', 4),
(127, '210404', 'Vacaciones', 'PASIVO', 'ACREEDOR', ' ', 4),
(128, '210405', 'Aguinaldos', 'PASIVO', 'ACREEDOR', ' ', 4),
(129, '2105', 'RETENCIONES Y DESCUENTOS', 'PASIVO', 'ACREEDOR', ' ', 3),
(130, '210501', 'Cotizaciones Laborales ISSS Salud ', 'PASIVO', 'ACREEDOR', ' ', 4),
(131, '210502', 'Cotizaciones Laborales Fondo de Pensione', 'PASIVO', 'ACREEDOR', ' ', 4),
(132, '210503', 'Retención Impuesto Sobre la Renta', 'PASIVO', 'ACREEDOR', ' ', 4),
(133, '210504', 'Ordenes de Descuentos Bancos y Otras Ins', 'PASIVO', 'ACREEDOR', ' ', 4),
(134, '210505', 'Procuraduría General de la República', 'PASIVO', 'ACREEDOR', ' ', 4),
(135, '2106', 'ACEEDORES VARIOS', 'PASIVO', 'ACREEDOR', ' ', 3),
(136, '210601', 'Acreedores Locales', 'PASIVO', 'ACREEDOR', ' ', 4),
(137, '210602', 'Acreedores Extranjeros', 'PASIVO', 'ACREEDOR', ' ', 4),
(138, '2107', 'PROVISIONES', 'PASIVO', 'ACREEDOR', ' ', 3),
(139, '210701', 'Cuota Patronal ISSS Salud', 'PASIVO', 'ACREEDOR', ' ', 4),
(140, '210702', 'Cuota Patronal AFP Fondo de Pensiones', 'PASIVO', 'ACREEDOR', ' ', 4),
(141, '210703', 'Servicio de Agua', 'PASIVO', 'ACREEDOR', ' ', 4),
(142, '210704', 'Servicio de Energía Eléctrica', 'PASIVO', 'ACREEDOR', ' ', 4),
(143, '210705', 'Servicio de Teléfono + Cable + Internet', 'PASIVO', 'ACREEDOR', ' ', 4),
(144, '210706', 'Honorarios por Pagar', 'PASIVO', 'ACREEDOR', ' ', 4),
(145, '210707', 'Intereses por Pagar', 'PASIVO', 'ACREEDOR', ' ', 4),
(146, '2108', 'IVA DEBITO FISCAL', 'PASIVO', 'ACREEDOR', ' ', 3),
(147, '210801', 'IVA por Venta a Consumidor Final', 'PASIVO', 'ACREEDOR', ' ', 4),
(148, '210802', 'IVA por Venta a Contribuyentes', 'PASIVO', 'ACREEDOR', ' ', 4),
(149, '2109', 'IVA Retenido a Terceros', 'PASIVO', 'ACREEDOR', ' ', 3),
(150, '2110', 'IVA Percibido', 'PASIVO', 'ACREEDOR', ' ', 3),
(151, '2111', 'IMPUESTOS POR PAGAR', 'PASIVO', 'ACREEDOR', ' ', 3),
(152, '211101', 'Impuestos Sobre la Renta', 'PASIVO', 'ACREEDOR', ' ', 4),
(153, '211102', 'IVA por Pagar', 'PASIVO', 'ACREEDOR', ' ', 4),
(154, '211103', 'Impuestos Municipales', 'PASIVO', 'ACREEDOR', ' ', 4),
(155, '2112', 'INTERESES POR PAGAR', 'PASIVO', 'ACREEDOR', ' ', 3),
(156, '211201', 'Intereses Financieros por Pagar', 'PASIVO', 'ACREEDOR', ' ', 4),
(157, '211202', 'Intereses a Proveedores por Pagar', 'PASIVO', 'ACREEDOR', ' ', 4),
(158, '2113', 'DIVIDENDOS POR PAGAR', 'PASIVO', 'ACREEDOR', ' ', 3),
(159, '211301', 'Dividendos por Pagar a Accionistas', 'PASIVO', 'ACREEDOR', ' ', 4),
(160, '2114', 'CUENTAS POR PAGAR A PARTES RELACIONADAS', 'PASIVO', 'ACREEDOR', ' ', 3),
(161, '211401', 'Directores, Ejecutivos y Empleados', 'PASIVO', 'ACREEDOR', ' ', 4),
(162, '211402', 'Compañías Afiliadas', 'PASIVO', 'ACREEDOR', ' ', 4),
(163, '211403', 'Compañías Asociadas', 'PASIVO', 'ACREEDOR', ' ', 4),
(164, '211404', 'Compañías Subsidiarias', 'PASIVO', 'ACREEDOR', ' ', 4),
(165, '2115', 'COBROS ANTICIPADOS', 'PASIVO', 'ACREEDOR', ' ', 3),
(166, '211501', 'Abono de Clientes Anticipado', 'PASIVO', 'ACREEDOR', ' ', 4),
(167, '211599', 'Otros cobros anticipados', 'PASIVO', 'ACREEDOR', ' ', 4),
(168, '22', 'PASIVO NO CORRIENTE', 'PASIVO', 'ACREEDOR', ' ', 2),
(169, '2201', 'CUENTAS Y DOCUMENTOS POR PAGAR A LARGO P', 'PASIVO', 'ACREEDOR', ' ', 3),
(170, '220101', 'Cuentas por Pagar a Largo Plazo', 'PASIVO', 'ACREEDOR', ' ', 4),
(171, '220102', 'Documentos por Pagar a Largo Plazo', 'PASIVO', 'ACREEDOR', ' ', 4),
(172, '2202', 'PRESTAMOS BANCARIOS A LARGO PLAZO', 'PASIVO', 'ACREEDOR', ' ', 3),
(173, '2203', 'PROVISION PARA OBLIGACIONES LABORALES', 'PASIVO', 'ACREEDOR', ' ', 3),
(174, '220301', 'Indemnizaciones', 'PASIVO', 'ACREEDOR', ' ', 4),
(175, '220302', 'Pasivo Laboral por Antigüedad', 'PASIVO', 'ACREEDOR', ' ', 4),
(176, '3', 'PATRIMONIO DE LOS ACCIONISTAS', 'CAPITAL', 'ACREEDOR', ' ', 1),
(177, '31', 'CAPITAL CONTABLE', 'CAPITAL', 'ACREEDOR', ' ', 2),
(178, '3101', 'CAPITAL SOCIAL', 'CAPITAL', 'ACREEDOR', ' ', 3),
(179, '310101', 'Capital Social Suscrito', 'CAPITAL', 'ACREEDOR', ' ', 4),
(180, '3102', 'UTILIDADES RESTRINGIDAS', 'CAPITAL', 'ACREEDOR', ' ', 3),
(181, '310201', 'Reserva Legal', 'CAPITAL', 'ACREEDOR', ' ', 4),
(182, '310202', 'Otras Reservas', 'CAPITAL', 'ACREEDOR', ' ', 4),
(183, '3103', 'UTILIDADES POR DISTRIBUIR', 'CAPITAL', 'ACREEDOR', ' ', 3),
(184, '310301', 'Utilidades de Ejercicios Anteriores', 'CAPITAL', 'ACREEDOR', ' ', 4),
(185, '310302', 'Utilidades del Ejercicio', 'CAPITAL', 'ACREEDOR', ' ', 4),
(186, '3104', 'PERDIDAS POR APLICAR', 'CAPITAL', 'ACREEDOR', ' ', 3),
(187, '310401', 'Perdidas de Ejercicios Anteriores', 'CAPITAL', 'ACREEDOR', ' ', 4),
(188, '310402', 'Perdidas del Ejercicio', 'CAPITAL', 'ACREEDOR', ' ', 4),
(189, '3105', 'SUPERAVIT POR REVALUACIONES', 'CAPITAL', 'ACREEDOR', ' ', 3),
(190, '310501', 'Revaluación de Maquinaria', 'CAPITAL', 'ACREEDOR', ' ', 4),
(191, '310502', 'Revaluación de Edificios', 'CAPITAL', 'ACREEDOR', ' ', 4),
(192, '310503', 'Revaluación de Instalaciones', 'CAPITAL', 'ACREEDOR', ' ', 4),
(193, '310504', 'Revaluación de Mobiliario y Equipo de Of', 'CAPITAL', 'ACREEDOR', ' ', 4),
(194, '310505', 'Revaluación de Equipo de Transporte', 'CAPITAL', 'ACREEDOR', ' ', 4),
(195, '310506', 'Revaluación de Exhibidores', 'CAPITAL', 'ACREEDOR', ' ', 4),
(196, '310507', 'Revaluación de Otros Activos', 'CAPITAL', 'ACREEDOR', ' ', 4),
(197, '4', 'CUENTAS DE RESULTADO DEUDORAS', 'CRD', 'DEUDOR', ' ', 1),
(198, '41', 'COSTOS DE OPERACIÓN', 'CRD', 'DEUDOR', ' ', 2),
(199, '4101', 'COMPRAS', 'CRD', 'DEUDOR', ' ', 3),
(200, '410101', 'Compras Locales', 'CRD', 'DEUDOR', ' ', 4),
(201, '410102', 'Compras del Exterior', 'CRD', 'DEUDOR', ' ', 4),
(202, '4102', 'GASTOS SOBRE COMPRAS', 'CRD', 'DEUDOR', ' ', 3),
(203, '410201', 'Transporte por Compras', 'CRD', 'DEUDOR', ' ', 4),
(204, '4103', 'REBAJAS Y DEVOLUCIONES SOBRE VENTAS', 'CRD', 'DEUDOR', ' ', 3),
(205, '410301', 'Rebajas sobre Ventas', 'CRD', 'DEUDOR', ' ', 4),
(206, '410302', 'Devoluciones sobre Ventas', 'CRD', 'DEUDOR', ' ', 4),
(207, '4104', 'COSTO DE VENTAS', 'CRD', 'DEUDOR', ' ', 3),
(208, '410401', 'Costo de Ventas de Mercadería Vendida', 'CRD', 'DEUDOR', ' ', 4),
(209, '42', 'GASTOS DE OPERACIÓN', 'CRD', 'DEUDOR', ' ', 2),
(210, '4201', 'GASTOS DE ADMINISTRACION', 'CRD', 'DEUDOR', ' ', 3),
(211, '420101', 'Sueldos y Salarios', 'CRD', 'DEUDOR', ' ', 4),
(212, '420102', 'Horas Extras', 'CRD', 'DEUDOR', ' ', 4),
(213, '420103', 'Comisiones', 'CRD', 'DEUDOR', ' ', 4),
(214, '420104', 'Vacaciones', 'CRD', 'DEUDOR', ' ', 4),
(215, '420105', 'Aguinaldos', 'CRD', 'DEUDOR', ' ', 4),
(216, '420106', 'Indemnizaciones', 'CRD', 'DEUDOR', ' ', 4),
(217, '420107', 'Bonificaciones', 'CRD', 'DEUDOR', ' ', 4),
(218, '420108', 'Seguridad Social ISSS', 'CRD', 'DEUDOR', ' ', 4),
(219, '420109', 'AFP Crecer', 'CRD', 'DEUDOR', ' ', 4),
(220, '420110', 'AFP Confía', 'CRD', 'DEUDOR', ' ', 4),
(221, '420111', 'Viáticos', 'CRD', 'DEUDOR', ' ', 4),
(222, '420112', 'Gastos de Viaje', 'CRD', 'DEUDOR', ' ', 4),
(223, '420113', 'Servicios de Telefonia', 'CRD', 'DEUDOR', ' ', 4),
(224, '420114', 'Internet y Cable', 'CRD', 'DEUDOR', ' ', 4),
(225, '420115', 'Agua Potable', 'CRD', 'DEUDOR', ' ', 4),
(226, '420116', 'Agua Envasada', 'CRD', 'DEUDOR', ' ', 4),
(227, '420117', 'Energía Eléctrica', 'CRD', 'DEUDOR', ' ', 4),
(228, '420118', 'Arrendamiento', 'CRD', 'DEUDOR', ' ', 4),
(229, '420119', 'Servicios Profesionales', 'CRD', 'DEUDOR', ' ', 4),
(230, '420120', 'Asesoria Tecnica', 'CRD', 'DEUDOR', ' ', 4),
(231, '420121', 'Multas', 'CRD', 'DEUDOR', ' ', 4),
(232, '420122', 'Atenciones al Personal', 'CRD', 'DEUDOR', ' ', 4),
(233, '420123', 'Servicios de Courier', 'CRD', 'DEUDOR', ' ', 4),
(234, '420124', 'Impuestos Municipales', 'CRD', 'DEUDOR', ' ', 4),
(235, '420125', 'Hospedaje y Alojamiento', 'CRD', 'DEUDOR', ' ', 4),
(236, '420126', 'Combustible y Lubricantes', 'CRD', 'DEUDOR', ' ', 4),
(237, '420127', 'Mantenimiento y Repuestos de Vehiculos', 'CRD', 'DEUDOR', ' ', 4),
(238, '420128', 'Seguros de Vehiculos', 'CRD', 'DEUDOR', ' ', 4),
(239, '420129', 'Seguros de Personas', 'CRD', 'DEUDOR', ' ', 4),
(240, '420130', 'Equipo y Accesorios de Oficina', 'CRD', 'DEUDOR', ' ', 4),
(241, '420131', 'Cuotas y Suscripciones', 'CRD', 'DEUDOR', ' ', 4),
(242, '420132', 'Donaciones y contribuciones', 'CRD', 'DEUDOR', ' ', 4),
(243, '420133', 'INSAFORP', 'CRD', 'DEUDOR', ' ', 4),
(244, '420134', 'Papeleria y Utiles', 'CRD', 'DEUDOR', ' ', 4),
(245, '420135', 'Mantenimiento de Equipo de Oficina', 'CRD', 'DEUDOR', ' ', 4),
(246, '420136', 'Material de Limpieza', 'CRD', 'DEUDOR', ' ', 4),
(247, '420137', 'Depreciacion de Edificio', 'CRD', 'DEUDOR', ' ', 4),
(248, '420138', 'Depreciacion de Vehiculos', 'CRD', 'DEUDOR', ' ', 4),
(249, '420139', 'Depreciacion de Mobiliario y Equipo de O', 'CRD', 'DEUDOR', ' ', 4),
(250, '420140', 'Viajes al exterior', 'CRD', 'DEUDOR', ' ', 4),
(251, '420141', 'Convenciones y seminarios', 'CRD', 'DEUDOR', ' ', 4),
(252, '420142', 'Fiesta Navideña', 'CRD', 'DEUDOR', ' ', 4),
(253, '420143', 'Capacitaciones', 'CRD', 'DEUDOR', ' ', 4),
(254, '420144', 'Matricula de Comercio', 'CRD', 'DEUDOR', ' ', 4),
(255, '4202', 'GASTOS DE VENTA', 'CRD', 'DEUDOR', ' ', 3),
(256, '420201', 'Sueldos y Salarios', 'CRD', 'DEUDOR', ' ', 4),
(257, '420202', 'Horas Extras', 'CRD', 'DEUDOR', ' ', 4),
(258, '420203', 'Comisiones', 'CRD', 'DEUDOR', ' ', 4),
(259, '420204', 'Vacaciones', 'CRD', 'DEUDOR', ' ', 4),
(260, '420205', 'Aguinaldos', 'CRD', 'DEUDOR', ' ', 4),
(261, '420206', 'Indemnizaciones', 'CRD', 'DEUDOR', ' ', 4),
(262, '420207', 'Bonificaciones', 'CRD', 'DEUDOR', ' ', 4),
(263, '420208', 'Seguridad Social ISSS', 'CRD', 'DEUDOR', ' ', 4),
(264, '420209', 'AFP Crecer', 'CRD', 'DEUDOR', ' ', 4),
(265, '420210', 'AFP Confía', 'CRD', 'DEUDOR', ' ', 4),
(266, '420211', 'Viáticos', 'CRD', 'DEUDOR', ' ', 4),
(267, '420212', 'Gastos de Viaje', 'CRD', 'DEUDOR', ' ', 4),
(268, '420213', 'Servicios de Telefonia', 'CRD', 'DEUDOR', ' ', 4),
(269, '420214', 'Internet y Cable', 'CRD', 'DEUDOR', ' ', 4),
(270, '420215', 'Agua Potable', 'CRD', 'DEUDOR', ' ', 4),
(271, '420216', 'Agua Envasada', 'CRD', 'DEUDOR', ' ', 4),
(272, '420217', 'Energía Eléctrica', 'CRD', 'DEUDOR', ' ', 4),
(273, '420218', 'Arrendamiento', 'CRD', 'DEUDOR', ' ', 4),
(274, '420219', 'Tramites Aduanales', 'CRD', 'DEUDOR', ' ', 4),
(275, '420220', 'Comunicaciones', 'CRD', 'DEUDOR', ' ', 4),
(276, '420221', 'Multas', 'CRD', 'DEUDOR', ' ', 4),
(277, '420222', 'Atenciones al Personal', 'CRD', 'DEUDOR', ' ', 4),
(278, '420223', 'Servicios de Courier', 'CRD', 'DEUDOR', ' ', 4),
(279, '420224', 'Impuestos Municipales', 'CRD', 'DEUDOR', ' ', 4),
(280, '420225', 'Hospedaje y Alojamiento', 'CRD', 'DEUDOR', ' ', 4),
(281, '420226', 'Combustible y Lubricantes', 'CRD', 'DEUDOR', ' ', 4),
(282, '420227', 'Mantenimiento y Repuestos de Vehiculos', 'CRD', 'DEUDOR', ' ', 4),
(283, '420228', 'Seguros de Vehiculos', 'CRD', 'DEUDOR', ' ', 4),
(284, '420229', 'Seguros de Personas', 'CRD', 'DEUDOR', ' ', 4),
(285, '420230', 'Seguro de Mercaderia', 'CRD', 'DEUDOR', ' ', 4),
(286, '420231', 'Alquiler de Vehiculos', 'CRD', 'DEUDOR', ' ', 4),
(287, '420232', 'Alquiler de Equipo', 'CRD', 'DEUDOR', ' ', 4),
(288, '420233', 'INSAFORP', 'CRD', 'DEUDOR', ' ', 4),
(289, '420234', 'Papeleria y Utiles', 'CRD', 'DEUDOR', ' ', 4),
(290, '420235', 'Publicidad y Propaganda', 'CRD', 'DEUDOR', ' ', 4),
(291, '420236', 'Material de Limpieza', 'CRD', 'DEUDOR', ' ', 4),
(292, '420237', 'Depreciacion de Edificio', 'CRD', 'DEUDOR', ' ', 4),
(293, '420238', 'Depreciacion de Vehiculos', 'CRD', 'DEUDOR', ' ', 4),
(294, '420239', 'Depreciacion de Mobiliario y Equipo', 'CRD', 'DEUDOR', ' ', 4),
(295, '420240', 'Depreciacion de Exhibidores', 'CRD', 'DEUDOR', ' ', 4),
(296, '420241', 'Reserva para Cuentas Incobrables', 'CRD', 'DEUDOR', ' ', 4),
(297, '420242', 'Seguridad Privada', 'CRD', 'DEUDOR', ' ', 4),
(298, '420243', 'Capacitaciones', 'CRD', 'DEUDOR', ' ', 4),
(299, '43', 'GASTOS NO OPERACIONALES', 'CRD', 'DEUDOR', ' ', 2),
(300, '4301', 'GASTOS FINANCIEROS', 'CRD', 'DEUDOR', ' ', 3),
(301, '430101', 'Intereses Bancarios', 'CRD', 'DEUDOR', ' ', 4),
(302, '430102', 'Comisiones Bancarias', 'CRD', 'DEUDOR', ' ', 4),
(303, '430103', 'Intereses por Compras al Credito', 'CRD', 'DEUDOR', ' ', 4),
(304, '430104', 'Diferencial Cambiario', 'CRD', 'DEUDOR', ' ', 4),
(305, '4302', 'OTROS GASTOS NO OPERACIONALES', 'CRD', 'DEUDOR', ' ', 3),
(306, '430201', 'Perdida en Venta o Retiro de Activo Fijo', 'CRD', 'DEUDOR', ' ', 4),
(307, '430202', 'Gastos por Deterioro de Activos', 'CRD', 'DEUDOR', ' ', 4),
(308, '430203', 'Gastos por Deterioro de Inversiones', 'CRD', 'DEUDOR', ' ', 4),
(309, '430204', 'Gastos por Siniestros', 'CRD', 'DEUDOR', ' ', 4),
(310, '430205', 'Gastos no reconocidos de Ejercicios Ante', 'CRD', 'DEUDOR', ' ', 4),
(311, '4303', 'GASTOS POR OPERACIONES EN DISCONTINUACIO', 'CRD', 'DEUDOR', ' ', 3),
(312, '4304', 'GASTOS POR IMPUESTO SOBRE LA RENTA', 'CRD', 'DEUDOR', ' ', 3),
(313, '5', 'CUENTAS DE RESULTADO ACREEDORAS', 'CRA', 'ACREEDOR', ' ', 1),
(314, '51', 'INGRESOS DE OPERACIÓN', 'CRA', 'ACREEDOR', ' ', 2),
(315, '5101', 'VENTAS', 'CRA', 'ACREEDOR', ' ', 3),
(316, '510101', 'Ventas al Contado', 'CRA', 'ACREEDOR', ' ', 4),
(317, '510102', 'Ventas al Credito', 'CRA', 'ACREEDOR', ' ', 4),
(318, '5102', 'REBAJAS Y DEVOLUCIONES SOBRE COMPRAS', 'CRA', 'ACREEDOR', ' ', 3),
(319, '510201', 'Rebajas sobre Compras', 'CRA', 'ACREEDOR', ' ', 4),
(320, '510202', 'Devoluciones sobre Compras', 'CRA', 'ACREEDOR', ' ', 4),
(321, '52', 'INGRESOS NO OPERACIONALES', 'CRA', 'ACREEDOR', ' ', 2),
(322, '5201', 'INGRESOS FINANCIEROS', 'CRA', 'ACREEDOR', ' ', 3),
(323, '520101', 'Intereses Generados por Documentos Desco', 'CRA', 'ACREEDOR', ' ', 4),
(324, '520102', 'Intereses Bancarios', 'CRA', 'ACREEDOR', ' ', 4),
(325, '520103', 'Comisiones', 'CRA', 'ACREEDOR', ' ', 4),
(326, '520104', 'Diferencial Cambiario', 'CRA', 'ACREEDOR', ' ', 4),
(327, '5202', 'DIVIDENDOS GANADOS', 'CRA', 'ACREEDOR', ' ', 3),
(328, '5203', 'OTROS INGRESOS NO OPERACIONALES', 'CRA', 'ACREEDOR', ' ', 3),
(329, '520301', 'Ganancia en Venta de Activo Fijo', 'CRA', 'ACREEDOR', ' ', 4),
(330, '520302', 'Indemnizaciones por Siniestros', 'CRA', 'ACREEDOR', ' ', 4),
(331, '520303', 'Ingresos no Reconocidos de Ejercicios An', 'CRA', 'ACREEDOR', ' ', 4),
(332, '5204', 'INGRESOS POR OPERACIONES EN DISCONTINUAC', 'CRA', 'ACREEDOR', ' ', 3),
(333, '6', 'CUENTAS LIQUIDADORAS', 'CL', 'DEUDOR', ' ', 1),
(334, '61', 'CUENTAS DE CIERRE', 'CL', 'DEUDOR', ' ', 2),
(335, '6101', 'PERDIDAS Y GANANCIAS', 'CL', 'DEUDOR', ' ', 3),
(336, '610101', 'Perdidas y Ganancias', 'CL', 'DEUDOR', ' ', 4);

-- --------------------------------------------------------

--
-- Estructura de tabla para la tabla `ldiario`
--

CREATE TABLE `ldiario` (
  `idldiario` int(11) NOT NULL,
  `idpartida` int(11) NOT NULL,
  `idcatalogo` int(15) NOT NULL,
  `debe` double NOT NULL,
  `haber` double NOT NULL,
  `idanio` int(11) NOT NULL
) ENGINE=InnoDB DEFAULT CHARSET=latin1;

--
-- Volcado de datos para la tabla `ldiario`
--

INSERT INTO `ldiario` (`idldiario`, `idpartida`, `idcatalogo`, `debe`, `haber`, `idanio`) VALUES
(1, 1, 5, 500000, 0, 2021),
(2, 1, 23, 6405, 0, 2021),
(3, 1, 51, 50000, 0, 2021),
(4, 1, 112, 0, 5000, 2021),
(5, 1, 113, 0, 6525, 2021),
(6, 1, 179, 0, 450000, 2021),
(7, 1, 184, 0, 94880, 2021),
(8, 2, 5, 0, 1130, 2021),
(9, 2, 35, 1000, 0, 2021),
(10, 2, 27, 130, 0, 2021),
(11, 3, 201, 106750, 0, 2021),
(12, 3, 203, 350, 0, 2021),
(13, 3, 113, 0, 121023, 2021),
(14, 3, 28, 13923, 0, 2021),
(15, 4, 3, 94917.18, 0, 2021),
(16, 4, 316, 0, 83997.5, 2021),
(17, 4, 147, 0, 10919.68, 2021),
(18, 5, 124, 0, 8716.8, 2021),
(19, 5, 256, 6372.43, 0, 2021),
(20, 5, 211, 2344.37, 0, 2021),
(21, 5, 131, 0, 1533.75, 2021),
(22, 5, 130, 0, 1533.75, 2021),
(23, 5, 218, 412.5, 0, 2021),
(24, 5, 219, 412.5, 0, 2021),
(25, 5, 263, 1121.25, 0, 2021),
(26, 5, 219, 1121.25, 0, 2021),
(27, 6, 5, 0, 11784.3, 2021),
(28, 6, 124, 8716.8, 0, 2021),
(29, 6, 130, 1533.75, 0, 2021),
(30, 6, 131, 1533.75, 0, 2021),
(31, 7, 5, 0, 60511.5, 2021),
(32, 7, 319, 0, 750, 2021),
(33, 7, 28, 0, 97.5, 2021),
(34, 7, 113, 61359, 0, 2021),
(35, 8, 205, 503.99, 0, 2021),
(36, 8, 147, 65.52, 0, 2021),
(37, 8, 3, 0, 569.51, 2021),
(38, 9, 5, 0, 1695, 2021),
(39, 9, 36, 1500, 0, 2021),
(40, 9, 27, 195, 0, 2021),
(41, 10, 316, 0, 83997.5, 2021),
(42, 10, 147, 0, 10919.68, 2021),
(43, 10, 3, 94917.18, 0, 2021),
(44, 11, 124, 0, 8716.8, 2021),
(45, 11, 256, 6372.43, 0, 2021),
(46, 11, 211, 2344.37, 0, 2021),
(47, 11, 131, 0, 1533.75, 2021),
(48, 11, 130, 0, 1533.75, 2021),
(49, 11, 218, 412.5, 0, 2021),
(50, 11, 219, 412.5, 0, 2021),
(51, 11, 263, 1121.25, 0, 2021),
(52, 11, 219, 1121.25, 0, 2021),
(53, 12, 5, 0, 11784.3, 2021),
(54, 12, 124, 8716.8, 0, 2021),
(55, 12, 130, 1533.75, 0, 2021),
(56, 12, 131, 1533.75, 0, 2021),
(57, 13, 5, 0, 59664, 2021),
(58, 13, 113, 59664, 0, 2021),
(59, 14, 5, 0, 3484.3, 2021),
(60, 14, 272, 2907.42, 0, 2021),
(61, 14, 227, 516.88, 0, 2021),
(62, 14, 225, 30, 0, 2021),
(63, 14, 224, 30, 0, 2021),
(64, 15, 35, 0, 1000, 2021),
(65, 15, 228, 500, 0, 2021),
(66, 15, 273, 500, 0, 2021),
(67, 16, 5, 0, 1130, 2021),
(68, 16, 35, 1000, 0, 2021),
(69, 16, 27, 130, 0, 2021),
(70, 17, 201, 106750, 0, 2021),
(71, 17, 203, 350, 0, 2021),
(72, 17, 113, 0, 121023, 2021),
(73, 17, 28, 13923, 0, 2021),
(74, 18, 124, 0, 8716.8, 2021),
(75, 18, 256, 6372.43, 0, 2021),
(76, 18, 211, 2344.37, 0, 2021),
(77, 18, 131, 0, 1533.75, 2021),
(78, 18, 130, 0, 1533.75, 2021),
(79, 18, 218, 412.5, 0, 2021),
(80, 18, 219, 412.5, 0, 2021),
(81, 18, 263, 1121.25, 0, 2021),
(82, 18, 219, 1121.25, 0, 2021),
(83, 19, 5, 0, 11784.3, 2021),
(84, 19, 124, 8716.8, 0, 2021),
(85, 19, 130, 1533.75, 0, 2021),
(86, 19, 131, 1533.75, 0, 2021),
(87, 20, 3, 94917.18, 0, 2021),
(88, 20, 316, 0, 83997.5, 2021),
(89, 20, 147, 0, 10919.68, 2021),
(90, 21, 5, 0, 121023, 2021),
(91, 21, 319, 0, 1500, 2021),
(92, 21, 28, 0, 195, 2021),
(93, 21, 113, 122718, 0, 2021),
(94, 22, 205, 167.99, 0, 2021),
(95, 22, 147, 21.84, 0, 2021),
(96, 22, 3, 0, 189.83, 2021),
(97, 23, 36, 0, 500, 2021),
(98, 23, 290, 500, 0, 2021),
(99, 24, 3, 94917.18, 0, 2021),
(100, 24, 316, 0, 83997.5, 2021),
(101, 24, 147, 0, 10919.68, 2021),
(102, 25, 124, 0, 8716.8, 2021),
(103, 25, 256, 6372.43, 0, 2021),
(104, 25, 211, 2344.37, 0, 2021),
(105, 25, 131, 0, 1533.75, 2021),
(106, 25, 130, 0, 1533.75, 2021),
(107, 25, 218, 412.5, 0, 2021),
(108, 25, 219, 412.5, 0, 2021),
(109, 25, 263, 1121.25, 0, 2021),
(110, 25, 219, 1121.25, 0, 2021),
(111, 26, 5, 0, 11784.3, 2021),
(112, 26, 124, 8716.8, 0, 2021),
(113, 26, 130, 1533.75, 0, 2021),
(114, 26, 131, 1533.75, 0, 2021),
(115, 27, 5, 0, 3484.3, 2021),
(116, 27, 272, 2907.42, 0, 2021),
(117, 27, 227, 516.88, 0, 2021),
(118, 27, 225, 30, 0, 2021),
(119, 27, 224, 30, 0, 2021),
(120, 28, 35, 0, 1000, 2021),
(121, 28, 228, 500, 0, 2021),
(122, 28, 273, 500, 0, 2021),
(123, 29, 5, 0, 1130, 2021),
(124, 29, 35, 1000, 0, 2021),
(125, 29, 27, 130, 0, 2021),
(126, 30, 201, 106750, 0, 2021),
(127, 30, 203, 350, 0, 2021),
(128, 30, 113, 0, 121023, 2021),
(129, 30, 28, 13923, 0, 2021),
(130, 31, 124, 0, 8716.8, 2021),
(131, 31, 256, 6372.43, 0, 2021),
(132, 31, 211, 2344.37, 0, 2021),
(133, 31, 131, 0, 1533.75, 2021),
(134, 31, 130, 0, 1533.75, 2021),
(135, 31, 218, 412.5, 0, 2021),
(136, 31, 219, 412.5, 0, 2021),
(137, 31, 263, 1121.25, 0, 2021),
(138, 31, 219, 1121.25, 0, 2021),
(139, 32, 5, 0, 11784.3, 2021),
(140, 32, 124, 8716.8, 0, 2021),
(141, 32, 130, 1533.75, 0, 2021),
(142, 32, 131, 1533.75, 0, 2021),
(143, 33, 3, 94917.18, 0, 2021),
(144, 33, 316, 0, 83997.5, 2021),
(145, 33, 147, 0, 10919.68, 2021),
(146, 34, 5, 0, 60511.5, 2021),
(147, 34, 319, 0, 750, 2021),
(148, 34, 28, 0, 97.5, 2021),
(149, 34, 113, 61359, 0, 2021),
(150, 35, 205, 67.2, 0, 2021),
(151, 35, 147, 8.74, 0, 2021),
(152, 35, 3, 0, 75.94, 2021),
(153, 36, 36, 0, 500, 2021),
(154, 36, 290, 500, 0, 2021),
(155, 37, 316, 0, 83997.5, 2021),
(156, 37, 147, 0, 10919.68, 2021),
(157, 37, 3, 94917.18, 0, 2021),
(158, 38, 124, 0, 8716.8, 2021),
(159, 38, 256, 6372.43, 0, 2021),
(160, 38, 211, 2344.37, 0, 2021),
(161, 38, 131, 0, 1533.75, 2021),
(162, 38, 130, 0, 1533.75, 2021),
(163, 38, 218, 412.5, 0, 2021),
(164, 38, 219, 412.5, 0, 2021),
(165, 38, 263, 1121.25, 0, 2021),
(166, 38, 219, 1121.25, 0, 2021),
(167, 39, 5, 0, 11784.3, 2021),
(168, 39, 124, 8716.8, 0, 2021),
(169, 39, 130, 1533.75, 0, 2021),
(170, 39, 131, 1533.75, 0, 2021),
(171, 40, 5, 0, 59664, 2021),
(172, 40, 113, 59664, 0, 2021),
(173, 41, 5, 0, 3484.3, 2021),
(174, 41, 272, 2907.42, 0, 2021),
(175, 41, 227, 516.88, 0, 2021),
(176, 41, 225, 30, 0, 2021),
(177, 41, 224, 30, 0, 2021),
(178, 42, 35, 0, 1000, 2021),
(179, 42, 228, 500, 0, 2021),
(180, 42, 273, 500, 0, 2021),
(181, 43, 5, 0, 1130, 2021),
(182, 43, 35, 1000, 0, 2021),
(183, 43, 27, 130, 0, 2021),
(184, 44, 201, 106750, 0, 2021),
(185, 44, 203, 350, 0, 2021),
(186, 44, 113, 0, 121023, 2021),
(187, 44, 28, 13923, 0, 2021),
(188, 45, 124, 0, 8716.8, 2021),
(189, 45, 256, 6372.43, 0, 2021),
(190, 45, 211, 2344.37, 0, 2021),
(191, 45, 131, 0, 1533.75, 2021),
(192, 45, 130, 0, 1533.75, 2021),
(193, 45, 218, 412.5, 0, 2021),
(194, 45, 219, 412.5, 0, 2021),
(195, 45, 263, 1121.25, 0, 2021),
(196, 45, 219, 1121.25, 0, 2021),
(197, 46, 5, 0, 11784.3, 2021),
(198, 46, 124, 8716.8, 0, 2021),
(199, 46, 130, 1533.75, 0, 2021),
(200, 46, 131, 1533.75, 0, 2021),
(201, 47, 3, 94917.18, 0, 2021),
(202, 47, 316, 0, 83997.5, 2021),
(203, 47, 147, 0, 10919.68, 2021),
(204, 48, 5, 0, 119718, 2021),
(205, 48, 319, 0, 1500, 2021),
(206, 48, 28, 0, 195, 2021),
(207, 48, 113, 121023, 0, 2021),
(208, 49, 205, 67.2, 0, 2021),
(209, 49, 147, 8.74, 0, 2021),
(210, 49, 3, 0, 75.94, 2021),
(211, 50, 36, 0, 500, 2021),
(212, 50, 290, 500, 0, 2021),
(213, 51, 3, 94917.18, 0, 2021),
(214, 51, 316, 0, 83997.5, 2021),
(215, 51, 147, 0, 10919.68, 2021),
(216, 52, 124, 0, 8716.8, 2021),
(217, 52, 256, 6372.43, 0, 2021),
(218, 52, 211, 2344.37, 0, 2021),
(219, 52, 131, 0, 1533.75, 2021),
(220, 52, 130, 0, 1533.75, 2021),
(221, 52, 218, 412.5, 0, 2021),
(222, 52, 219, 412.5, 0, 2021),
(223, 52, 263, 1121.25, 0, 2021),
(224, 52, 219, 1121.25, 0, 2021),
(225, 53, 5, 0, 11784.3, 2021),
(226, 53, 124, 8716.8, 0, 2021),
(227, 53, 130, 1533.75, 0, 2021),
(228, 53, 131, 1533.75, 0, 2021),
(229, 54, 5, 0, 3390, 2021),
(230, 54, 36, 3000, 0, 2021),
(231, 54, 27, 390, 0, 2021),
(232, 55, 5, 0, 3484.3, 2021),
(233, 55, 272, 2907.42, 0, 2021),
(234, 55, 227, 516.88, 0, 2021),
(235, 55, 225, 30, 0, 2021),
(236, 55, 224, 30, 0, 2021),
(237, 56, 35, 0, 1000, 2021),
(238, 56, 228, 500, 0, 2021),
(239, 56, 273, 500, 0, 2021),
(240, 57, 5, 0, 1130, 2021),
(241, 57, 35, 1000, 0, 2021),
(242, 57, 27, 130, 0, 2021),
(243, 58, 201, 106750, 0, 2021),
(244, 58, 203, 350, 0, 2021),
(245, 58, 113, 0, 121023, 2021),
(246, 58, 28, 13923, 0, 2021),
(247, 59, 124, 0, 8716.8, 2021),
(248, 59, 256, 6372.43, 0, 2021),
(249, 59, 211, 2344.37, 0, 2021),
(250, 59, 131, 0, 1533.75, 2021),
(251, 59, 130, 0, 1533.75, 2021),
(252, 59, 218, 412.5, 0, 2021),
(253, 59, 219, 412.5, 0, 2021),
(254, 59, 263, 1121.25, 0, 2021),
(255, 59, 219, 1121.25, 0, 2021),
(256, 60, 5, 0, 11784.3, 2021),
(257, 60, 124, 8716.8, 0, 2021),
(258, 60, 130, 1533.75, 0, 2021),
(259, 60, 131, 1533.75, 0, 2021),
(260, 61, 3, 94917.18, 0, 2021),
(261, 61, 316, 0, 83997.5, 2021),
(262, 61, 147, 0, 10919.68, 2021),
(263, 62, 5, 0, 60511.5, 2021),
(264, 62, 319, 0, 750, 2021),
(265, 62, 28, 0, 97.5, 2021),
(266, 62, 113, 61359, 0, 2021),
(267, 63, 319, 0, 1000, 2021),
(268, 63, 28, 0, 130, 2021),
(269, 63, 113, 1130, 0, 2021),
(270, 64, 205, 67.2, 0, 2021),
(271, 64, 147, 8.74, 0, 2021),
(272, 64, 3, 0, 75.94, 2021),
(273, 65, 36, 0, 500, 2021),
(274, 65, 290, 500, 0, 2021),
(275, 66, 316, 0, 83997.5, 2021),
(276, 66, 147, 0, 10919.68, 2021),
(277, 66, 3, 94917.18, 0, 2021),
(278, 67, 5, 0, 58534, 2021),
(279, 67, 113, 58534, 0, 2021),
(280, 68, 124, 0, 8716.8, 2021),
(281, 68, 256, 6372.43, 0, 2021),
(282, 68, 211, 2344.37, 0, 2021),
(283, 68, 131, 0, 1533.75, 2021),
(284, 68, 130, 0, 1533.75, 2021),
(285, 68, 218, 412.5, 0, 2021),
(286, 68, 219, 412.5, 0, 2021),
(287, 68, 263, 1121.25, 0, 2021),
(288, 68, 219, 1121.25, 0, 2021),
(289, 69, 5, 0, 11784.3, 2021),
(290, 69, 124, 8716.8, 0, 2021),
(291, 69, 130, 1533.75, 0, 2021),
(292, 69, 131, 1533.75, 0, 2021),
(293, 70, 5, 0, 3484.3, 2021),
(294, 70, 272, 2907.42, 0, 2021),
(295, 70, 227, 516.88, 0, 2021),
(296, 70, 225, 30, 0, 2021),
(297, 70, 224, 30, 0, 2021),
(298, 71, 35, 0, 1000, 2021),
(299, 71, 228, 500, 0, 2021),
(300, 71, 273, 500, 0, 2021),
(301, 72, 5, 0, 1130, 2021),
(302, 72, 35, 1000, 0, 2021),
(303, 72, 27, 130, 0, 2021),
(304, 73, 201, 106750, 0, 2021),
(305, 73, 203, 350, 0, 2021),
(306, 73, 113, 0, 121023, 2021),
(307, 73, 28, 13923, 0, 2021),
(308, 74, 124, 0, 8716.8, 2021),
(309, 74, 256, 6372.43, 0, 2021),
(310, 74, 211, 2344.37, 0, 2021),
(311, 74, 131, 0, 1533.75, 2021),
(312, 74, 130, 0, 1533.75, 2021),
(313, 74, 218, 412.5, 0, 2021),
(314, 74, 219, 412.5, 0, 2021),
(315, 74, 263, 1121.25, 0, 2021),
(316, 74, 219, 1121.25, 0, 2021),
(317, 75, 5, 0, 11784.3, 2021),
(318, 75, 124, 8716.8, 0, 2021),
(319, 75, 130, 1533.75, 0, 2021),
(320, 75, 131, 1533.75, 0, 2021),
(321, 76, 3, 94917.18, 0, 2021),
(322, 76, 316, 0, 83997.5, 2021),
(323, 76, 147, 0, 10919.68, 2021),
(324, 77, 5, 0, 119718, 2021),
(325, 77, 319, 0, 1500, 2021),
(326, 77, 28, 0, 195, 2021),
(327, 77, 113, 121023, 0, 2021),
(328, 78, 205, 67.2, 0, 2021),
(329, 78, 147, 8.74, 0, 2021),
(330, 78, 3, 0, 75.94, 2021),
(331, 79, 36, 0, 500, 2021),
(332, 79, 290, 500, 0, 2021),
(333, 80, 3, 94917.18, 0, 2021),
(334, 80, 316, 0, 83997.5, 2021),
(335, 80, 147, 0, 10919.68, 2021),
(336, 81, 124, 0, 8716.8, 2021),
(337, 81, 256, 6372.43, 0, 2021),
(338, 81, 211, 2344.37, 0, 2021),
(339, 81, 131, 0, 1533.75, 2021),
(340, 81, 130, 0, 1533.75, 2021),
(341, 81, 218, 412.5, 0, 2021),
(342, 81, 219, 412.5, 0, 2021),
(343, 81, 263, 1121.25, 0, 2021),
(344, 81, 219, 1121.25, 0, 2021),
(345, 82, 5, 0, 11784.3, 2021),
(346, 82, 124, 8716.8, 0, 2021),
(347, 82, 130, 1533.75, 0, 2021),
(348, 82, 131, 1533.75, 0, 2021),
(349, 83, 5, 0, 3484.3, 2021),
(350, 83, 272, 2907.42, 0, 2021),
(351, 83, 227, 516.88, 0, 2021),
(352, 83, 225, 30, 0, 2021),
(353, 83, 224, 30, 0, 2021),
(354, 84, 35, 0, 1000, 2021),
(355, 84, 228, 500, 0, 2021),
(356, 84, 273, 500, 0, 2021),
(357, 85, 5, 0, 1130, 2021),
(358, 85, 35, 1000, 0, 2021),
(359, 85, 27, 130, 0, 2021),
(360, 86, 201, 106750, 0, 2021),
(361, 86, 203, 350, 0, 2021),
(362, 86, 113, 0, 121023, 2021),
(363, 86, 28, 13923, 0, 2021),
(364, 87, 124, 0, 8716.8, 2021),
(365, 87, 256, 6372.43, 0, 2021),
(366, 87, 211, 2344.37, 0, 2021),
(367, 87, 131, 0, 1533.75, 2021),
(368, 87, 130, 0, 1533.75, 2021),
(369, 87, 218, 412.5, 0, 2021),
(370, 87, 219, 412.5, 0, 2021),
(371, 87, 263, 1121.25, 0, 2021),
(372, 87, 219, 1121.25, 0, 2021),
(373, 88, 5, 0, 11784.3, 2021),
(374, 88, 124, 8716.8, 0, 2021),
(375, 88, 130, 1533.75, 0, 2021),
(376, 88, 131, 1533.75, 0, 2021),
(377, 89, 3, 94917.18, 0, 2021),
(378, 89, 316, 0, 83997.5, 2021),
(379, 89, 147, 0, 10919.68, 2021),
(380, 90, 5, 0, 119718, 2021),
(381, 90, 319, 0, 1500, 2021),
(382, 90, 28, 0, 195, 2021),
(383, 90, 113, 121023, 0, 2021),
(384, 91, 205, 67.2, 0, 2021),
(385, 91, 147, 8.74, 0, 2021),
(386, 91, 3, 0, 75.94, 2021),
(387, 92, 36, 0, 500, 2021),
(388, 92, 290, 500, 0, 2021),
(389, 93, 3, 94917.18, 0, 2021),
(390, 93, 316, 0, 83997.5, 2021),
(391, 93, 147, 0, 10919.68, 2021),
(392, 94, 124, 0, 8716.8, 2021),
(393, 94, 256, 6372.43, 0, 2021),
(394, 94, 211, 2344.37, 0, 2021),
(395, 94, 131, 0, 1533.75, 2021),
(396, 94, 130, 0, 1533.75, 2021),
(397, 94, 218, 412.5, 0, 2021),
(398, 94, 219, 412.5, 0, 2021),
(399, 94, 263, 1121.25, 0, 2021),
(400, 94, 219, 1121.25, 0, 2021),
(401, 95, 5, 0, 11784.3, 2021),
(402, 95, 124, 8716.8, 0, 2021),
(403, 95, 130, 1533.75, 0, 2021),
(404, 95, 131, 1533.75, 0, 2021),
(405, 96, 5, 0, 3484.3, 2021),
(406, 96, 272, 2907.42, 0, 2021),
(407, 96, 227, 516.88, 0, 2021),
(408, 96, 225, 30, 0, 2021),
(409, 96, 224, 30, 0, 2021),
(410, 97, 35, 0, 1000, 2021),
(411, 97, 228, 500, 0, 2021),
(412, 97, 273, 500, 0, 2021),
(413, 98, 5, 0, 1130, 2021),
(414, 98, 35, 1000, 0, 2021),
(415, 98, 27, 130, 0, 2021),
(416, 99, 201, 106750, 0, 2021),
(417, 99, 203, 350, 0, 2021),
(418, 99, 113, 0, 121023, 2021),
(419, 99, 28, 13923, 0, 2021),
(420, 100, 124, 0, 8716.8, 2021),
(421, 100, 256, 6372.43, 0, 2021),
(422, 100, 211, 2344.37, 0, 2021),
(423, 100, 131, 0, 1533.75, 2021),
(424, 100, 130, 0, 1533.75, 2021),
(425, 100, 218, 412.5, 0, 2021),
(426, 100, 219, 412.5, 0, 2021),
(427, 100, 263, 1121.25, 0, 2021),
(428, 100, 219, 1121.25, 0, 2021),
(429, 101, 5, 0, 11784.3, 2021),
(430, 101, 124, 8716.8, 0, 2021),
(431, 101, 130, 1533.75, 0, 2021),
(432, 101, 131, 1533.75, 0, 2021),
(433, 102, 3, 94917.18, 0, 2021),
(434, 102, 316, 0, 83997.5, 2021),
(435, 102, 147, 0, 10919.68, 2021),
(436, 103, 5, 0, 119718, 2021),
(437, 103, 319, 0, 1500, 2021),
(438, 103, 28, 0, 195, 2021),
(439, 103, 113, 121023, 0, 2021),
(440, 104, 5, 0, 45200, 2021),
(441, 104, 27, 5200, 0, 2021),
(442, 104, 51, 40000, 0, 2021),
(443, 105, 205, 67.2, 0, 2021),
(444, 105, 147, 8.74, 0, 2021),
(445, 105, 3, 0, 75.94, 2021),
(446, 106, 36, 0, 500, 2021),
(447, 106, 290, 500, 0, 2021),
(448, 107, 3, 94917.18, 0, 2021),
(449, 107, 316, 0, 83997.5, 2021),
(450, 107, 147, 0, 10919.68, 2021),
(451, 108, 124, 0, 8716.8, 2021),
(452, 108, 256, 6372.43, 0, 2021),
(453, 108, 211, 2344.37, 0, 2021),
(454, 108, 131, 0, 1533.75, 2021),
(455, 108, 130, 0, 1533.75, 2021),
(456, 108, 218, 412.5, 0, 2021),
(457, 108, 219, 412.5, 0, 2021),
(458, 108, 263, 1121.25, 0, 2021),
(459, 108, 219, 1121.25, 0, 2021),
(460, 109, 5, 0, 11784.3, 2021),
(461, 109, 124, 8716.8, 0, 2021),
(462, 109, 130, 1533.75, 0, 2021),
(463, 109, 131, 1533.75, 0, 2021),
(464, 110, 5, 0, 3484.3, 2021),
(465, 110, 272, 2907.42, 0, 2021),
(466, 110, 227, 516.88, 0, 2021),
(467, 110, 225, 30, 0, 2021),
(468, 110, 224, 30, 0, 2021),
(469, 111, 35, 0, 1000, 2021),
(470, 111, 228, 500, 0, 2021),
(471, 111, 273, 500, 0, 2021),
(472, 112, 5, 0, 1130, 2021),
(473, 112, 35, 1000, 0, 2021),
(474, 112, 27, 130, 0, 2021),
(475, 113, 201, 106750, 0, 2021),
(476, 113, 203, 350, 0, 2021),
(477, 113, 113, 0, 121023, 2021),
(478, 113, 28, 13923, 0, 2021),
(479, 114, 124, 0, 8716.8, 2021),
(480, 114, 256, 6372.43, 0, 2021),
(481, 114, 211, 2344.37, 0, 2021),
(482, 114, 131, 0, 1533.75, 2021),
(483, 114, 130, 0, 1533.75, 2021),
(484, 114, 218, 412.5, 0, 2021),
(485, 114, 219, 412.5, 0, 2021),
(486, 114, 263, 1121.25, 0, 2021),
(487, 114, 219, 1121.25, 0, 2021),
(488, 115, 5, 0, 11784.3, 2021),
(489, 115, 124, 8716.8, 0, 2021),
(490, 115, 130, 1533.75, 0, 2021),
(491, 115, 131, 1533.75, 0, 2021),
(492, 116, 3, 94917.18, 0, 2021),
(493, 116, 316, 0, 83997.5, 2021),
(494, 116, 147, 0, 10919.68, 2021),
(495, 117, 5, 0, 119718, 2021),
(496, 117, 319, 0, 1500, 2021),
(497, 117, 28, 0, 195, 2021),
(498, 117, 113, 121023, 0, 2021),
(499, 118, 205, 67.2, 0, 2021),
(500, 118, 147, 8.74, 0, 2021),
(501, 118, 3, 0, 75.94, 2021),
(502, 119, 36, 0, 500, 2021),
(503, 119, 290, 500, 0, 2021),
(504, 120, 3, 94917.18, 0, 2021),
(505, 120, 316, 0, 83997.5, 2021),
(506, 120, 147, 0, 10919.68, 2021),
(507, 121, 124, 0, 8716.8, 2021),
(508, 121, 256, 6372.43, 0, 2021),
(509, 121, 211, 2344.37, 0, 2021),
(510, 121, 131, 0, 1533.75, 2021),
(511, 121, 130, 0, 1533.75, 2021),
(512, 121, 218, 412.5, 0, 2021),
(513, 121, 219, 412.5, 0, 2021),
(514, 121, 263, 1121.25, 0, 2021),
(515, 121, 219, 1121.25, 0, 2021),
(516, 122, 5, 0, 11784.3, 2021),
(517, 122, 124, 8716.8, 0, 2021),
(518, 122, 130, 1533.75, 0, 2021),
(519, 122, 131, 1533.75, 0, 2021),
(520, 123, 5, 0, 3484.3, 2021),
(521, 123, 272, 2907.42, 0, 2021),
(522, 123, 227, 516.88, 0, 2021),
(523, 123, 225, 30, 0, 2021),
(524, 123, 224, 30, 0, 2021),
(525, 124, 35, 0, 1000, 2021),
(526, 124, 228, 500, 0, 2021),
(527, 124, 273, 500, 0, 2021),
(528, 125, 5, 0, 1130, 2021),
(529, 125, 35, 1000, 0, 2021),
(530, 125, 27, 130, 0, 2021),
(531, 126, 201, 106750, 0, 2021),
(532, 126, 203, 350, 0, 2021),
(533, 126, 113, 0, 121023, 2021),
(534, 126, 28, 13923, 0, 2021),
(535, 127, 124, 0, 8716.8, 2021),
(536, 127, 256, 6372.43, 0, 2021),
(537, 127, 211, 2344.37, 0, 2021),
(538, 127, 131, 0, 1533.75, 2021),
(539, 127, 130, 0, 1533.75, 2021),
(540, 127, 218, 412.5, 0, 2021),
(541, 127, 219, 412.5, 0, 2021),
(542, 127, 263, 1121.25, 0, 2021),
(543, 127, 219, 1121.25, 0, 2021),
(544, 128, 5, 0, 11784.3, 2021),
(545, 128, 124, 8716.8, 0, 2021),
(546, 128, 130, 1533.75, 0, 2021),
(547, 128, 131, 1533.75, 0, 2021),
(548, 129, 3, 94917.18, 0, 2021),
(549, 129, 316, 0, 83997.5, 2021),
(550, 129, 147, 0, 10919.68, 2021),
(551, 130, 5, 0, 119718, 2021),
(552, 130, 319, 0, 1500, 2021),
(553, 130, 28, 0, 195, 2021),
(554, 130, 113, 121023, 0, 2021),
(555, 131, 205, 67.2, 0, 2021),
(556, 131, 147, 8.74, 0, 2021),
(557, 131, 3, 0, 75.94, 2021),
(558, 132, 36, 0, 500, 2021),
(559, 132, 290, 500, 0, 2021),
(560, 133, 5, 0, 1130, 2021),
(561, 133, 36, 1000, 0, 2021),
(562, 133, 27, 130, 0, 2021),
(563, 134, 3, 94917.18, 0, 2021),
(564, 134, 316, 0, 83997.5, 2021),
(565, 134, 147, 0, 10919.68, 2021),
(566, 135, 124, 0, 8716.8, 2021),
(567, 135, 256, 6372.43, 0, 2021),
(568, 135, 211, 2344.37, 0, 2021),
(569, 135, 131, 0, 1533.75, 2021),
(570, 135, 130, 0, 1533.75, 2021),
(571, 135, 218, 412.5, 0, 2021),
(572, 135, 219, 412.5, 0, 2021),
(573, 135, 263, 1121.25, 0, 2021),
(574, 135, 219, 1121.25, 0, 2021),
(575, 136, 5, 0, 11784.3, 2021),
(576, 136, 124, 8716.8, 0, 2021),
(577, 136, 130, 1533.75, 0, 2021),
(578, 136, 131, 1533.75, 0, 2021),
(579, 137, 5, 0, 3484.3, 2021),
(580, 137, 272, 2907.42, 0, 2021),
(581, 137, 227, 516.88, 0, 2021),
(582, 137, 225, 30, 0, 2021),
(583, 137, 224, 30, 0, 2021),
(584, 138, 35, 0, 1000, 2021),
(585, 138, 228, 500, 0, 2021),
(586, 138, 273, 500, 0, 2021),
(587, 139, 5, 0, 1130, 2021),
(588, 139, 35, 1000, 0, 2021),
(589, 139, 27, 130, 0, 2021),
(590, 140, 201, 106750, 0, 2021),
(591, 140, 203, 350, 0, 2021),
(592, 140, 113, 0, 121023, 2021),
(593, 140, 28, 13923, 0, 2021),
(594, 141, 124, 0, 8716.8, 2021),
(595, 141, 256, 6372.43, 0, 2021),
(596, 141, 211, 2344.37, 0, 2021),
(597, 141, 131, 0, 1533.75, 2021),
(598, 141, 130, 0, 1533.75, 2021),
(599, 141, 218, 412.5, 0, 2021),
(600, 141, 219, 412.5, 0, 2021),
(601, 141, 263, 1121.25, 0, 2021),
(602, 141, 219, 1121.25, 0, 2021),
(603, 142, 5, 0, 11784.3, 2021),
(604, 142, 124, 8716.8, 0, 2021),
(605, 142, 130, 1533.75, 0, 2021),
(606, 142, 131, 1533.75, 0, 2021),
(607, 143, 3, 94917.18, 0, 2021),
(608, 143, 316, 0, 83997.5, 2021),
(609, 143, 147, 0, 10919.68, 2021),
(610, 144, 5, 0, 119718, 2021),
(611, 144, 319, 0, 1500, 2021),
(612, 144, 28, 0, 195, 2021),
(613, 144, 113, 121023, 0, 2021),
(614, 145, 205, 67.2, 0, 2021),
(615, 145, 147, 8.74, 0, 2021),
(616, 145, 3, 0, 75.94, 2021),
(617, 146, 36, 0, 500, 2021),
(618, 146, 290, 500, 0, 2021),
(619, 147, 3, 94917.18, 0, 2021),
(620, 147, 316, 0, 83997.5, 2021),
(621, 147, 147, 0, 10919.68, 2021),
(622, 148, 124, 0, 8716.8, 2021),
(623, 148, 256, 6372.43, 0, 2021),
(624, 148, 211, 2344.37, 0, 2021),
(625, 148, 131, 0, 1533.75, 2021),
(626, 148, 130, 0, 1533.75, 2021),
(627, 148, 218, 412.5, 0, 2021),
(628, 148, 219, 412.5, 0, 2021),
(629, 148, 263, 1121.25, 0, 2021),
(630, 148, 219, 1121.25, 0, 2021),
(631, 149, 5, 0, 11784.3, 2021),
(632, 149, 124, 8716.8, 0, 2021),
(633, 149, 130, 1533.75, 0, 2021),
(634, 149, 131, 1533.75, 0, 2021),
(635, 150, 5, 0, 3484.3, 2021),
(636, 150, 272, 2907.42, 0, 2021),
(637, 150, 227, 516.88, 0, 2021),
(638, 150, 225, 30, 0, 2021),
(639, 150, 224, 30, 0, 2021),
(640, 151, 35, 0, 1000, 2021),
(641, 151, 228, 500, 0, 2021),
(642, 151, 273, 500, 0, 2021),
(643, 152, 5, 0, 1130, 2021),
(644, 152, 35, 1000, 0, 2021),
(645, 152, 27, 130, 0, 2021),
(646, 153, 201, 106750, 0, 2021),
(647, 153, 203, 350, 0, 2021),
(648, 153, 113, 0, 121023, 2021),
(649, 153, 28, 13923, 0, 2021),
(650, 154, 124, 0, 8716.8, 2021),
(651, 154, 256, 6372.43, 0, 2021),
(652, 154, 211, 2344.37, 0, 2021),
(653, 154, 131, 0, 1533.75, 2021),
(654, 154, 130, 0, 1533.75, 2021),
(655, 154, 218, 412.5, 0, 2021),
(656, 154, 219, 412.5, 0, 2021),
(657, 154, 263, 1121.25, 0, 2021),
(658, 154, 219, 1121.25, 0, 2021),
(659, 155, 5, 0, 11784.3, 2021),
(660, 155, 124, 8716.8, 0, 2021),
(661, 155, 130, 1533.75, 0, 2021),
(662, 155, 131, 1533.75, 0, 2021),
(663, 156, 3, 94917.18, 0, 2021),
(664, 156, 316, 0, 83997.5, 2021),
(665, 156, 147, 0, 10919.68, 2021),
(666, 157, 5, 0, 119718, 2021),
(667, 157, 319, 0, 1500, 2021),
(668, 157, 28, 0, 195, 2021),
(669, 157, 113, 121023, 0, 2021),
(670, 158, 205, 67.2, 0, 2021),
(671, 158, 147, 8.74, 0, 2021),
(672, 158, 3, 0, 75.94, 2021),
(673, 159, 36, 0, 500, 2021),
(674, 159, 290, 500, 0, 2021),
(675, 160, 3, 94917.18, 0, 2021),
(676, 160, 316, 0, 83997.5, 2021),
(677, 160, 147, 0, 10919.68, 2021),
(678, 161, 124, 0, 8716.8, 2021),
(679, 161, 256, 6372.43, 0, 2021),
(680, 161, 211, 2344.37, 0, 2021),
(681, 161, 131, 0, 1533.75, 2021),
(682, 161, 130, 0, 1533.75, 2021),
(683, 161, 218, 412.5, 0, 2021),
(684, 161, 219, 412.5, 0, 2021),
(685, 161, 263, 1121.25, 0, 2021),
(686, 161, 219, 1121.25, 0, 2021),
(687, 162, 5, 0, 11784.3, 2021),
(688, 162, 124, 8716.8, 0, 2021),
(689, 162, 130, 1533.75, 0, 2021),
(690, 162, 131, 1533.75, 0, 2021),
(691, 163, 5, 0, 3484.3, 2021),
(692, 163, 272, 2907.42, 0, 2021),
(693, 163, 227, 516.88, 0, 2021),
(694, 163, 225, 30, 0, 2021),
(695, 163, 224, 30, 0, 2021),
(696, 164, 307, 3750, 0, 2021),
(697, 164, 68, 0, 3750, 2021);

-- --------------------------------------------------------

--
-- Estructura de tabla para la tabla `partida`
--

CREATE TABLE `partida` (
  `idpartida` int(11) NOT NULL,
  `concepto` varchar(150) NOT NULL,
  `fecha` date NOT NULL,
  `idanio` int(11) NOT NULL
) ENGINE=InnoDB DEFAULT CHARSET=latin1;

--
-- Volcado de datos para la tabla `partida`
--

INSERT INTO `partida` (`idpartida`, `concepto`, `fecha`, `idanio`) VALUES
(1, 'Saldo inicial ', '2021-01-01', 2021),
(2, 'Pago de alquiler del mes de Enero', '2021-01-01', 2021),
(3, 'Compra de mercadería al crédito', '2021-01-05', 2021),
(4, 'Ventas de la primera quincena de Enero', '2021-01-15', 2021),
(5, 'Provisión de salarios ', '2021-01-14', 2021),
(6, 'Pago de salarios ', '2021-01-15', 2021),
(7, 'Pago de la mitad de la deuda de mercadería ', '2021-01-16', 2021),
(8, 'Rebajas sobre ventas efectuadas en el mes', '2021-01-30', 2021),
(9, 'Pago de publicidad por los siguientes 3 meses ', '2021-01-30', 2021),
(10, 'Ventas de la segunda quincena de Enero', '2021-01-30', 2021),
(11, 'Provisión de salarios', '2021-01-30', 2021),
(12, 'Pago de salarios', '2021-01-30', 2021),
(13, 'Pago de la mitad de la deuda de mercadería ', '2021-01-31', 2021),
(14, 'Pago de servicios', '2021-01-31', 2021),
(15, 'Reclasificación de Alquiler del mes anterior', '2021-02-01', 2021),
(16, 'Pago de alquiler del mes', '2021-02-01', 2021),
(17, 'Compra de mercadería al crédito', '2021-02-03', 2021),
(18, 'Provisión de salarios ', '2021-02-14', 2021),
(19, 'Pago de salarios ', '2021-02-15', 2021),
(20, 'Ventas de la primera quincena', '2021-02-15', 2021),
(21, 'Pago de la deuda de mercadería ', '2021-02-16', 2021),
(22, 'Rebajas sobre ventas efectuadas en el mes', '2021-02-28', 2021),
(23, 'Ajuste de publicidad', '2021-02-28', 2021),
(24, 'Ventas de la segunda quincena', '2021-02-28', 2021),
(25, 'Provisión de salarios', '2021-02-28', 2021),
(26, 'Pago de salarios', '2021-02-28', 2021),
(27, 'Pago de servicios', '2021-02-28', 2021),
(28, 'Reclasificación de Alquiler del mes anterior', '2021-03-01', 2021),
(29, 'Pago de alquiler del mes', '2021-03-01', 2021),
(30, 'Compra de mercadería al crédito', '2021-03-03', 2021),
(31, 'Provisión de salarios ', '2021-03-14', 2021),
(32, 'Pago de salarios ', '2021-03-15', 2021),
(33, 'Ventas de la primera quincena', '2021-03-15', 2021),
(34, 'Pago de la mitad de deuda en mercadería', '2021-03-16', 2021),
(35, 'Rebajas sobre ventas efectuadas en el mes', '2021-03-30', 2021),
(36, 'Ajuste de publicidad', '2021-03-30', 2021),
(37, 'Ventas de la segunda quincena', '2021-03-30', 2021),
(38, 'Provisión de salarios', '2021-03-30', 2021),
(39, 'Pago de salarios', '2021-03-30', 2021),
(40, 'Pago de la mitad de deuda en mercadería', '2021-03-30', 2021),
(41, 'Pago de servicios', '2021-03-30', 2021),
(42, 'Reclasificación de Alquiler del mes anterior', '2021-04-01', 2021),
(43, 'Pago de alquiler del mes', '2021-04-01', 2021),
(44, 'Compra de mercadería al crédito', '2021-04-03', 2021),
(45, 'Provisión de salarios ', '2021-04-14', 2021),
(46, 'Pago de salarios ', '2021-04-15', 2021),
(47, 'Ventas de la primera quincena', '2021-04-15', 2021),
(48, 'Pago de la deuda de mercadería', '2021-04-16', 2021),
(49, 'Rebajas sobre ventas efectuadas en el mes', '2021-04-30', 2021),
(50, 'Ajuste de publicidad', '2021-04-30', 2021),
(51, 'Ventas de la segunda quincena', '2021-04-30', 2021),
(52, 'Provisión de salarios', '2021-04-30', 2021),
(53, 'Pago de salarios', '2021-04-30', 2021),
(54, 'Pago publicidad por los siguientes 6 meses', '2021-04-30', 2021),
(55, 'Pago de servicios', '2021-04-30', 2021),
(56, 'Reclasificación de Alquiler del mes anterior', '2021-05-01', 2021),
(57, 'Pago de alquiler del mes', '2021-05-01', 2021),
(58, 'Compra de mercadería al crédito', '2021-05-03', 2021),
(59, 'Provisión de salarios ', '2021-05-14', 2021),
(60, 'Pago de salarios ', '2021-05-15', 2021),
(61, 'Ventas de la primera quincena', '2021-05-15', 2021),
(62, 'Pago de la mitad de la deuda de mercadería', '2021-05-16', 2021),
(63, 'Rebajas sobre compras efectuadas en el mes', '2021-05-20', 2021),
(64, 'Rebajas sobre ventas efectuadas en el mes', '2021-05-30', 2021),
(65, 'Ajuste de publicidad', '2021-05-30', 2021),
(66, 'Ventas de la segunda quincena', '2021-05-30', 2021),
(67, 'Pago de la mitad de la deuda de mercadería', '2021-05-30', 2021),
(68, 'Provisión de salarios', '2021-05-30', 2021),
(69, 'Pago de salarios', '2021-05-30', 2021),
(70, 'Pago de servicios', '2021-05-30', 2021),
(71, 'Reclasificación de Alquiler del mes anterior', '2021-06-01', 2021),
(72, 'Pago de alquiler del mes', '2021-06-01', 2021),
(73, 'Compra de mercadería al crédito', '2021-06-03', 2021),
(74, 'Provisión de salarios ', '2021-06-14', 2021),
(75, 'Pago de salarios ', '2021-06-15', 2021),
(76, 'Ventas de la primera quincena', '2021-06-15', 2021),
(77, 'Pago de la deuda de mercadería', '2021-06-16', 2021),
(78, 'Rebajas sobre ventas efectuadas en el mes', '2021-06-30', 2021),
(79, 'Ajuste de publicidad', '2021-06-30', 2021),
(80, 'Ventas de la segunda quincena', '2021-06-30', 2021),
(81, 'Provisión de salarios', '2021-06-30', 2021),
(82, 'Pago de salarios', '2021-06-30', 2021),
(83, 'Pago de servicios', '2021-06-30', 2021),
(84, 'Reclasificación de Alquiler del mes anterior', '2021-07-01', 2021),
(85, 'Pago de alquiler del mes', '2021-07-01', 2021),
(86, 'Compra de mercadería al crédito', '2021-07-03', 2021),
(87, 'Provisión de salarios ', '2021-07-14', 2021),
(88, 'Pago de salarios ', '2021-07-15', 2021),
(89, 'Ventas de la primera quincena', '2021-07-15', 2021),
(90, 'Pago de la deuda de mercadería', '2021-07-16', 2021),
(91, 'Rebajas sobre ventas efectuadas en el mes', '2021-07-30', 2021),
(92, 'Ajuste de publicidad', '2021-07-30', 2021),
(93, 'Ventas de la segunda quincena', '2021-07-30', 2021),
(94, 'Provisión de salarios', '2021-07-30', 2021),
(95, 'Pago de salarios', '2021-07-30', 2021),
(96, 'Pago de servicios', '2021-07-30', 2021),
(97, 'Reclasificación de Alquiler del mes anterior', '2021-08-01', 2021),
(98, 'Pago de alquiler del mes', '2021-08-01', 2021),
(99, 'Compra de mercadería al crédito', '2021-08-03', 2021),
(100, 'Provisión de salarios ', '2021-08-14', 2021),
(101, 'Pago de salarios ', '2021-08-15', 2021),
(102, 'Ventas de la primera quincena', '2021-08-15', 2021),
(103, 'Pago de la deuda de mercadería', '2021-08-16', 2021),
(104, 'Compra de Maquinaria', '2021-08-16', 2021),
(105, 'Rebajas sobre ventas efectuadas en el mes', '2021-08-30', 2021),
(106, 'Ajuste de publicidad', '2021-08-30', 2021),
(107, 'Ventas de la segunda quincena', '2021-08-30', 2021),
(108, 'Provisión de salarios', '2021-08-30', 2021),
(109, 'Pago de salarios', '2021-08-30', 2021),
(110, 'Pago de servicios', '2021-08-30', 2021),
(111, 'Reclasificación de Alquiler del mes anterior', '2021-09-01', 2021),
(112, 'Pago de alquiler del mes', '2021-09-01', 2021),
(113, 'Compra de mercadería al crédito', '2021-09-03', 2021),
(114, 'Provisión de salarios ', '2021-09-14', 2021),
(115, 'Pago de salarios ', '2021-09-15', 2021),
(116, 'Ventas de la primera quincena', '2021-09-15', 2021),
(117, 'Pago de la deuda de mercadería', '2021-09-16', 2021),
(118, 'Rebajas sobre ventas efectuadas en el mes', '2021-09-30', 2021),
(119, 'Ajuste de publicidad', '2021-09-30', 2021),
(120, 'Ventas de la segunda quincena', '2021-09-30', 2021),
(121, 'Provisión de salarios', '2021-09-30', 2021),
(122, 'Pago de salarios', '2021-09-30', 2021),
(123, 'Pago de servicios', '2021-09-30', 2021),
(124, 'Reclasificación de Alquiler del mes anterior', '2021-10-01', 2021),
(125, 'Pago de alquiler del mes', '2021-10-01', 2021),
(126, 'Compra de mercadería al crédito', '2021-10-03', 2021),
(127, 'Provisión de salarios ', '2021-10-14', 2021),
(128, 'Pago de salarios ', '2021-10-15', 2021),
(129, 'Ventas de la primera quincena', '2021-10-15', 2021),
(130, 'Pago de la deuda de mercadería', '2021-10-16', 2021),
(131, 'Rebajas sobre ventas efectuadas en el mes', '2021-10-30', 2021),
(132, 'Ajuste de publicidad', '2021-10-30', 2021),
(133, 'Pago de publicidad por los siguientes 2 meses ', '2021-10-30', 2021),
(134, 'Ventas de la segunda quincena', '2021-10-30', 2021),
(135, 'Provisión de salarios', '2021-10-30', 2021),
(136, 'Pago de salarios', '2021-10-30', 2021),
(137, 'Pago de servicios', '2021-10-30', 2021),
(138, 'Reclasificación de Alquiler del mes anterior', '2021-11-01', 2021),
(139, 'Pago de alquiler del mes', '2021-11-01', 2021),
(140, 'Compra de mercadería al crédito', '2021-11-03', 2021),
(141, 'Provisión de salarios ', '2021-11-14', 2021),
(142, 'Pago de salarios ', '2021-11-15', 2021),
(143, 'Ventas de la primera quincena', '2021-11-15', 2021),
(144, 'Pago de la deuda de mercadería', '2021-11-16', 2021),
(145, 'Rebajas sobre ventas efectuadas en el mes', '2021-11-30', 2021),
(146, 'Ajuste de publicidad', '2021-11-30', 2021),
(147, 'Ventas de la segunda quincena', '2021-11-30', 2021),
(148, 'Provisión de salarios', '2021-11-30', 2021),
(149, 'Pago de salarios', '2021-11-30', 2021),
(150, 'Pago de servicios', '2021-11-30', 2021),
(151, 'Reclasificación de Alquiler del mes anterior', '2021-12-01', 2021),
(152, 'Pago de alquiler del mes', '2021-12-01', 2021),
(153, 'Compra de mercadería al crédito', '2021-12-03', 2021),
(154, 'Provisión de salarios ', '2021-12-14', 2021),
(155, 'Pago de salarios ', '2021-12-15', 2021),
(156, 'Ventas de la primera quincena', '2021-12-15', 2021),
(157, 'Pago de la deuda de mercadería', '2021-12-16', 2021),
(158, 'Rebajas sobre ventas efectuadas en el mes', '2021-12-30', 2021),
(159, 'Ajuste de publicidad', '2021-12-30', 2021),
(160, 'Ventas de la segunda quincena', '2021-12-30', 2021),
(161, 'Provisión de salarios', '2021-12-30', 2021),
(162, 'Pago de salarios', '2021-12-30', 2021),
(163, 'Pago de servicios', '2021-12-30', 2021),
(164, 'Ajuste de Maquinaria', '2021-12-30', 2021);

-- --------------------------------------------------------

--
-- Estructura de tabla para la tabla `usuarios`
--

CREATE TABLE `usuarios` (
  `idusuario` int(11) NOT NULL,
  `nombre` varchar(100) NOT NULL,
  `pass` varchar(100) NOT NULL,
  `mail` varchar(100) NOT NULL,
  `telefono` varchar(50) NOT NULL,
  `fecha` timestamp NOT NULL DEFAULT current_timestamp() ON UPDATE current_timestamp(),
  `usuario` varchar(50) NOT NULL
) ENGINE=InnoDB DEFAULT CHARSET=latin1;

--
-- Volcado de datos para la tabla `usuarios`
--

INSERT INTO `usuarios` (`idusuario`, `nombre`, `pass`, `mail`, `telefono`, `fecha`, `usuario`) VALUES
(1, 'admin', 'admin', 'admin@hotmail.com', '123456789', '2021-10-30 18:02:15', 'admin');

--
-- Índices para tablas volcadas
--

--
-- Indices de la tabla `anio`
--
ALTER TABLE `anio`
  ADD PRIMARY KEY (`idanio`);

--
-- Indices de la tabla `catalogo`
--
ALTER TABLE `catalogo`
  ADD PRIMARY KEY (`idcatalogo`);

--
-- Indices de la tabla `ldiario`
--
ALTER TABLE `ldiario`
  ADD PRIMARY KEY (`idldiario`),
  ADD KEY `fk_anio` (`idanio`),
  ADD KEY `fk_idcuenta` (`idcatalogo`);

--
-- Indices de la tabla `partida`
--
ALTER TABLE `partida`
  ADD KEY `fk_anio` (`idanio`);

--
-- Indices de la tabla `usuarios`
--
ALTER TABLE `usuarios`
  ADD PRIMARY KEY (`idusuario`);

--
-- AUTO_INCREMENT de las tablas volcadas
--

--
-- AUTO_INCREMENT de la tabla `catalogo`
--
ALTER TABLE `catalogo`
  MODIFY `idcatalogo` int(11) NOT NULL AUTO_INCREMENT, AUTO_INCREMENT=337;

--
-- AUTO_INCREMENT de la tabla `ldiario`
--
ALTER TABLE `ldiario`
  MODIFY `idldiario` int(11) NOT NULL AUTO_INCREMENT, AUTO_INCREMENT=698;

--
-- AUTO_INCREMENT de la tabla `usuarios`
--
ALTER TABLE `usuarios`
  MODIFY `idusuario` int(11) NOT NULL AUTO_INCREMENT, AUTO_INCREMENT=2;

--
-- Restricciones para tablas volcadas
--

--
-- Filtros para la tabla `ldiario`
--
ALTER TABLE `ldiario`
  ADD CONSTRAINT `ldiario_ibfk_1` FOREIGN KEY (`idanio`) REFERENCES `anio` (`idanio`),
  ADD CONSTRAINT `ldiario_ibfk_2` FOREIGN KEY (`idcatalogo`) REFERENCES `catalogo` (`idcatalogo`);

--
-- Filtros para la tabla `partida`
--
ALTER TABLE `partida`
  ADD CONSTRAINT `partida_ibfk_1` FOREIGN KEY (`idanio`) REFERENCES `anio` (`idanio`);
COMMIT;

/*!40101 SET CHARACTER_SET_CLIENT=@OLD_CHARACTER_SET_CLIENT */;
/*!40101 SET CHARACTER_SET_RESULTS=@OLD_CHARACTER_SET_RESULTS */;
/*!40101 SET COLLATION_CONNECTION=@OLD_COLLATION_CONNECTION */;
